{
  "extraction": {
    "extraction_completeness": 0.42857142857142855,
    "query_length": 288.0,
    "fields_extracted": 3.0,
    "process_time_ms": 1.1410713195800781
  },
  "retrieval": {
    "price_range_width": 500.0,
    "query_length": 57.0,
    "packages_count": 3.0,
    "location_diversity": 1.0,
    "theme_diversity": 1.0,
    "process_time_ms": 0.030040740966796875
  },
  "generation": {
    "customer_info_usage": 1.0,
    "day_structure": 5.0,
    "package_info_usage": 1.0,
    "information_density": 0.4439252336448598,
    "quality_score": 0.888785046728972,
    "headings_count": 41.0,
    "process_time_ms": 8.43501091003418,
    "structure_score": 1.0,
    "coherence_score": 0.0,
    "proposal_length": 7364.0
  },
  "end_to_end": {
    "paragraph_count": 42.0,
    "content_richness": 1.0,
    "sentence_count": 33.0,
    "word_count": 1161.0,
    "query_length": 288.0,
    "total_processing_time": 102.78503012657166,
    "response_length": 7364.0,
    "efficiency_ratio": 71.64467423837708,
    "words_per_sentence": 35.18181818181818,
    "process_time_ms": 0.2570152282714844
  },
  "timestamp": "2025-05-09T16:01:20.454932",
  "session_id": "20250509_155926"
}